lead_id,age,income,lead_source,website_visits,time_spent_on_site,pages_viewed,email_opened,previous_interaction,lead_score,industry,follow_up_calls,converted
1,56,136748,Paid Ad,14,15.07,4,1,1,11,Retail,3,0
2,46,25287,Email,10,4.3,6,1,1,17,Tech,4,1
3,32,146593,Social Media,16,2.21,6,1,0,65,Healthcare,0,0
4,60,54387,Organic,16,7.75,11,1,0,73,Healthcare,1,0
5,25,28512,Referral,10,1.45,2,1,1,78,Healthcare,1,1
6,38,21342,Email,13,4.15,2,1,0,93,Retail,0,1
7,56,83076,Organic,6,2.22,4,0,0,16,Finance,3,0
8,36,128872,Email,12,5.34,1,1,0,67,Education,4,1
9,40,39216,Email,9,1.37,9,0,0,70,Tech,2,0
10,28,137512,Referral,13,1.06,14,0,0,61,Education,0,0
11,28,136682,Social Media,4,12.52,14,0,1,40,Finance,4,0
12,41,113070,Paid Ad,11,0.54,13,0,0,94,Finance,4,1
13,53,99767,Social Media,18,3.53,7,1,0,33,Retail,1,0
14,57,117829,Referral,11,1.25,12,1,0,69,Healthcare,2,1
15,41,46614,Referral,4,0.2,7,1,1,44,Healthcare,0,1
16,20,56258,Referral,18,0.18,3,0,1,57,Finance,1,0
17,39,113789,Organic,1,0.96,11,1,1,50,Retail,1,0
18,19,62078,Social Media,7,10.08,12,1,0,33,Retail,3,1
19,41,126288,Social Media,6,1.66,3,1,1,43,Tech,4,0
20,61,103524,Email,15,15.02,1,0,1,14,Healthcare,0,1
21,47,116573,Email,18,4.36,3,0,1,77,Finance,0,1
22,55,32219,Email,11,2.87,3,1,1,69,Education,0,0
23,19,20235,Referral,15,4.34,4,0,0,49,Healthcare,1,0
24,38,62929,Social Media,16,3.64,4,0,1,31,Tech,3,0
25,50,147309,Referral,7,7.11,3,1,1,66,Retail,2,1
26,29,87444,Organic,10,1.66,10,0,0,2,Finance,1,0
27,39,28567,Email,12,2.18,12,0,0,85,Healthcare,2,1
28,61,121834,Referral,14,11.23,8,1,1,85,Education,3,1
29,42,90792,Referral,5,14.64,8,0,0,73,Tech,4,0
30,44,85441,Organic,18,11.15,13,0,1,50,Tech,0,1
31,59,104555,Paid Ad,5,2.72,13,0,0,66,Healthcare,2,0
32,45,93698,Social Media,3,7.58,1,0,0,75,Education,1,0
33,33,144450,Paid Ad,5,3.23,7,0,1,92,Tech,2,0
34,32,137248,Email,17,3.44,11,0,0,47,Finance,4,0
35,64,25415,Referral,19,1.15,2,0,1,16,Tech,0,1
36,61,56159,Organic,19,4.47,1,0,0,6,Education,2,1
37,20,63925,Organic,12,1.03,3,1,1,12,Retail,4,0
38,54,146523,Social Media,9,2.01,4,1,0,65,Retail,1,0
39,24,25951,Paid Ad,1,9.66,13,1,0,3,Healthcare,3,0
40,38,107388,Social Media,18,1.16,6,1,0,9,Education,1,0
41,26,28007,Referral,4,0.37,10,0,0,87,Tech,0,1
42,56,146730,Social Media,10,0.36,14,1,0,16,Tech,1,0
43,35,61832,Organic,7,14.13,5,1,1,51,Retail,1,0
44,21,78596,Organic,1,3.54,14,0,0,5,Retail,1,0
45,42,141101,Email,17,2.63,4,0,1,82,Finance,1,1
46,31,50523,Email,2,8.33,8,0,1,68,Retail,0,0
47,26,108861,Referral,11,9.03,11,0,1,95,Finance,4,0
48,43,144194,Paid Ad,9,2.02,12,0,0,73,Tech,2,1
49,19,106740,Social Media,7,5.91,14,1,1,8,Finance,3,1
50,37,35524,Referral,17,7.37,4,0,0,90,Finance,2,1
51,45,149028,Email,17,5.32,13,1,1,76,Healthcare,2,1
52,64,39282,Social Media,2,0.82,10,1,1,82,Retail,3,1
53,24,43930,Email,6,10.43,12,0,1,20,Finance,0,0
54,61,20077,Social Media,14,3.87,13,1,1,23,Tech,3,0
55,25,125881,Paid Ad,6,1.66,2,1,1,3,Education,0,1
56,64,145501,Referral,2,2.77,3,0,0,23,Finance,2,1
57,52,40611,Social Media,1,0.19,6,1,1,58,Retail,0,0
58,31,36984,Organic,10,0.68,8,1,1,98,Healthcare,4,1
59,34,34060,Organic,5,7.25,8,1,0,2,Tech,3,1
60,53,102985,Social Media,2,0.0,11,0,0,67,Healthcare,4,1
61,57,104056,Social Media,16,2.69,9,0,0,39,Education,2,0
62,21,145329,Social Media,2,3.7,7,0,1,47,Finance,3,1
63,19,63303,Organic,10,0.28,13,1,1,53,Finance,2,0
64,23,79207,Organic,2,18.07,2,0,1,34,Retail,4,1
65,59,95046,Social Media,16,1.28,8,1,1,94,Finance,2,1
66,21,49287,Email,16,1.81,7,0,1,55,Tech,3,0
67,46,113709,Email,19,1.81,8,1,1,88,Education,3,1
68,35,59711,Paid Ad,7,1.31,12,0,0,39,Healthcare,2,0
69,43,31954,Referral,12,0.01,3,0,0,76,Education,3,1
70,61,93340,Email,15,6.53,7,1,1,67,Finance,3,1
71,51,92101,Organic,8,17.03,10,0,1,45,Healthcare,2,1
72,27,91520,Email,6,1.27,13,1,1,77,Retail,4,1
73,53,107062,Paid Ad,10,5.44,9,0,1,12,Education,3,1
74,31,122974,Paid Ad,3,6.77,3,0,1,26,Healthcare,3,0
75,48,38574,Referral,19,9.43,14,1,0,5,Healthcare,3,1
76,32,29184,Email,17,2.75,10,1,0,16,Healthcare,3,1
77,25,39096,Organic,7,1.8,6,1,1,35,Tech,2,0
78,31,87728,Organic,4,1.97,2,0,0,98,Education,4,0
79,40,54016,Social Media,14,6.23,2,1,1,80,Healthcare,4,1
80,57,31246,Organic,15,8.49,5,0,1,1,Education,0,1
81,38,65558,Referral,8,1.0,5,1,1,76,Healthcare,3,0
82,33,138721,Referral,15,2.32,13,1,0,51,Retail,3,1
83,62,38381,Organic,14,11.61,7,1,0,65,Retail,0,1
84,35,147796,Organic,9,8.22,12,1,1,51,Retail,4,0
85,64,56455,Social Media,8,20.95,2,1,0,91,Finance,1,1
86,41,112263,Organic,17,7.02,11,1,0,42,Healthcare,1,0
87,43,24018,Social Media,2,2.5,14,0,1,89,Finance,4,0
88,42,31302,Social Media,3,4.47,13,1,0,21,Education,3,0
89,62,87506,Organic,8,5.41,7,0,0,54,Finance,1,1
90,58,61157,Paid Ad,12,0.41,5,1,1,66,Education,2,1
91,46,74917,Paid Ad,1,3.93,14,1,1,98,Education,2,1
92,32,112738,Social Media,10,6.18,6,1,0,59,Education,0,0
93,62,116646,Organic,3,0.92,8,0,1,57,Finance,4,0
94,18,103122,Paid Ad,6,7.59,10,0,0,11,Healthcare,4,1
95,42,44519,Organic,7,4.38,13,1,1,87,Finance,1,1
96,24,116809,Organic,18,15.21,14,0,1,68,Healthcare,3,1
97,26,107487,Organic,11,0.22,12,1,1,83,Healthcare,4,1
98,41,76819,Email,19,1.54,4,1,1,38,Education,1,0
99,18,100910,Organic,5,4.6,13,0,0,12,Finance,1,0
100,61,140430,Email,19,1.76,7,0,1,40,Healthcare,4,0
101,25,91324,Social Media,11,6.27,6,0,1,56,Retail,1,0
102,41,25408,Paid Ad,12,7.11,10,0,1,52,Healthcare,0,0
103,28,79379,Paid Ad,10,0.54,2,1,0,11,Retail,0,0
104,34,45053,Paid Ad,8,3.61,8,0,0,12,Finance,4,0
105,25,29446,Paid Ad,9,3.56,10,0,1,73,Finance,3,1
106,52,20922,Paid Ad,4,2.3,9,1,1,96,Finance,0,0
107,52,118723,Paid Ad,5,13.51,5,0,1,56,Healthcare,0,0
108,50,71356,Paid Ad,8,8.79,10,0,1,39,Tech,4,1
109,22,30789,Social Media,9,5.97,4,0,1,79,Healthcare,2,1
110,59,117720,Organic,15,6.26,6,0,1,44,Healthcare,1,1
111,56,86656,Referral,15,3.1,8,1,0,34,Education,0,0
112,58,64028,Email,16,12.69,11,1,1,2,Education,2,0
113,45,84484,Referral,14,5.93,3,0,1,4,Healthcare,3,0
114,24,52154,Referral,8,6.53,10,0,1,89,Retail,2,0
115,26,102870,Organic,18,9.89,11,1,1,10,Education,4,1
116,25,22336,Organic,10,1.6,11,0,1,70,Healthcare,3,0
117,29,123677,Organic,6,8.23,1,0,1,55,Tech,3,0
118,51,87779,Paid Ad,12,1.09,4,0,0,9,Retail,2,0
119,50,39029,Social Media,2,2.12,4,0,0,33,Finance,4,0
120,40,79201,Paid Ad,7,2.04,1,0,0,66,Healthcare,0,0
121,41,52265,Social Media,16,19.2,9,0,0,71,Healthcare,2,0
122,54,122916,Social Media,3,9.71,3,0,0,30,Retail,0,0
123,52,132250,Referral,13,6.04,5,0,0,74,Education,2,0
124,61,136553,Referral,3,6.49,6,0,1,70,Education,0,1
125,57,63872,Social Media,18,4.13,8,1,1,65,Education,2,1
126,39,66197,Social Media,11,14.7,6,1,1,69,Finance,3,1
127,44,145733,Paid Ad,8,3.43,3,1,1,40,Retail,1,0
128,52,75180,Paid Ad,6,2.39,6,0,1,62,Retail,3,1
129,18,43710,Referral,1,0.89,1,0,1,31,Education,0,0
130,52,49486,Organic,1,7.71,4,1,0,19,Education,4,0
131,54,91907,Social Media,8,6.63,6,0,1,56,Tech,3,1
132,64,148876,Paid Ad,5,2.43,7,1,0,97,Tech,1,0
133,31,91895,Referral,16,0.13,11,0,0,49,Healthcare,0,0
134,20,84435,Paid Ad,11,9.13,13,1,1,79,Healthcare,3,1
135,18,60631,Social Media,5,0.06,11,1,1,24,Retail,2,1
136,22,149038,Social Media,4,6.08,10,1,1,11,Retail,4,0
137,43,121532,Email,6,17.58,3,0,1,70,Finance,0,1
138,31,40103,Organic,14,2.88,9,1,1,38,Finance,3,0
139,56,84772,Email,19,1.34,12,0,1,16,Tech,0,0
140,44,146108,Referral,9,6.1,12,0,1,44,Healthcare,2,1
141,26,34382,Paid Ad,12,8.49,7,0,0,10,Tech,1,0
142,32,104291,Referral,11,3.95,14,0,1,69,Tech,3,1
143,32,121195,Social Media,14,17.06,1,0,1,22,Healthcare,0,0
144,43,23756,Email,16,0.27,2,0,0,90,Finance,0,1
145,59,40609,Email,1,3.51,1,0,1,69,Healthcare,0,1
146,30,134074,Email,13,6.34,11,1,1,37,Education,1,0
147,49,36478,Referral,13,9.93,9,1,0,1,Education,0,0
148,56,120978,Social Media,2,0.99,9,1,1,85,Education,4,1
149,49,59666,Paid Ad,4,8.05,7,0,1,83,Retail,4,1
150,21,95683,Paid Ad,6,4.02,10,0,1,88,Finance,0,0
151,47,119097,Referral,5,2.53,3,0,1,78,Finance,4,1
152,54,144714,Email,3,0.71,13,0,1,92,Retail,3,0
153,40,120420,Organic,1,10.02,5,1,1,71,Tech,4,1
154,56,91315,Referral,4,0.86,4,0,0,36,Education,0,0
155,62,97834,Referral,2,1.85,7,1,1,48,Education,2,0
156,32,146205,Social Media,5,1.71,14,0,1,51,Tech,3,1
157,60,34153,Paid Ad,3,10.26,9,1,0,32,Healthcare,1,0
158,46,129415,Referral,9,5.58,12,0,0,21,Healthcare,0,0
159,53,96325,Referral,6,7.96,2,1,1,4,Finance,1,1
160,30,129701,Email,18,1.44,13,0,0,17,Retail,2,0
161,49,32999,Email,6,4.9,8,1,1,37,Finance,1,0
162,24,75318,Organic,19,4.24,9,0,1,36,Healthcare,0,0
163,39,20814,Social Media,12,8.94,10,1,0,93,Tech,0,1
164,45,135033,Organic,11,11.83,14,1,1,94,Finance,2,1
165,19,96077,Email,2,0.06,10,0,1,63,Education,0,0
166,59,110474,Paid Ad,15,5.6,9,1,0,9,Education,2,0
167,62,22443,Email,12,0.27,14,0,0,78,Tech,2,0
168,23,95993,Social Media,12,3.98,10,0,0,41,Healthcare,0,1
169,45,95916,Email,9,1.7,14,0,0,47,Education,4,0
170,45,93319,Social Media,2,1.83,7,1,1,43,Education,2,0
171,61,145885,Social Media,3,2.18,9,1,0,81,Retail,0,0
172,61,129777,Social Media,12,4.85,9,0,0,86,Finance,4,0
173,37,37368,Social Media,16,2.03,14,0,0,96,Healthcare,2,1
174,47,35328,Social Media,1,6.6,3,1,0,15,Finance,4,0
175,28,76942,Paid Ad,3,2.59,4,1,0,53,Healthcare,3,0
176,45,111751,Organic,2,0.35,2,1,1,34,Education,3,1
177,42,119131,Referral,9,7.66,10,0,0,97,Retail,4,1
178,56,47306,Organic,19,1.68,3,0,1,27,Finance,2,1
179,50,105451,Social Media,15,2.83,11,0,0,1,Education,0,0
180,18,59915,Paid Ad,18,5.78,11,0,0,93,Healthcare,1,1
181,44,57219,Email,11,2.02,5,0,0,12,Finance,0,0
182,30,100879,Paid Ad,16,0.29,5,1,0,40,Finance,1,1
183,58,131939,Social Media,17,2.34,6,0,0,79,Education,1,0
184,20,84644,Paid Ad,5,14.45,13,1,0,58,Finance,2,0
185,56,80279,Paid Ad,12,5.13,7,1,0,68,Retail,4,1
186,23,73028,Social Media,11,5.57,7,0,0,91,Retail,0,0
187,25,124263,Paid Ad,15,5.0,1,1,1,52,Education,4,0
188,44,20126,Referral,3,1.11,14,0,0,44,Healthcare,3,0
189,26,72329,Referral,1,2.71,2,1,1,19,Education,2,1
190,54,47632,Paid Ad,16,6.95,12,0,0,23,Retail,2,1
191,50,127099,Email,2,0.53,9,0,1,60,Tech,3,0
192,59,85310,Social Media,2,1.63,10,1,0,90,Tech,0,1
193,61,129945,Referral,3,1.62,2,0,0,93,Finance,3,0
194,41,75176,Email,8,2.83,6,1,0,57,Finance,0,0
195,32,139797,Paid Ad,15,19.65,11,0,1,26,Tech,1,1
196,49,106066,Email,7,0.35,11,0,1,25,Retail,2,0
197,49,125500,Organic,6,3.66,1,0,1,6,Finance,0,1
198,41,146413,Referral,9,0.99,3,1,1,41,Education,4,0
199,58,64327,Paid Ad,1,17.65,2,1,0,46,Education,4,1
200,29,88904,Social Media,8,0.6,3,0,0,52,Retail,2,0
201,56,23797,Paid Ad,3,2.58,5,1,0,58,Finance,3,1
202,19,67882,Social Media,4,6.69,11,0,1,37,Education,3,0
203,20,33718,Paid Ad,15,6.1,10,1,0,68,Finance,0,1
204,54,54560,Email,6,2.75,6,1,1,86,Finance,3,1
205,34,96589,Email,15,2.13,9,0,1,91,Education,2,1
206,19,42116,Email,3,2.53,12,0,1,97,Tech,0,1
207,19,56244,Organic,14,1.53,11,0,1,52,Education,1,0
208,45,121721,Social Media,14,1.15,10,0,1,14,Retail,3,0
209,40,21645,Email,4,3.3,12,0,0,95,Healthcare,3,1
210,54,67523,Organic,12,1.56,12,1,1,25,Education,0,1
211,49,144085,Social Media,17,1.69,13,1,1,47,Finance,4,1
212,50,137718,Paid Ad,7,5.35,4,0,0,94,Finance,3,1
213,18,39256,Organic,9,17.29,7,0,1,18,Education,2,1
214,36,121376,Referral,3,4.63,6,0,1,8,Healthcare,3,0
215,19,120158,Organic,13,0.4,2,1,0,63,Education,1,1
216,61,73173,Organic,15,0.39,10,0,0,92,Healthcare,3,1
217,43,57430,Social Media,18,15.12,11,0,0,53,Healthcare,4,0
218,49,59282,Paid Ad,19,1.76,11,1,1,50,Retail,3,1
219,23,139719,Referral,1,0.48,11,1,0,38,Finance,0,0
220,49,83374,Email,6,4.57,8,1,0,3,Finance,3,0
221,21,88244,Email,2,4.89,7,1,0,2,Healthcare,4,0
222,28,31694,Organic,14,5.23,7,0,1,63,Finance,0,1
223,34,76264,Social Media,6,1.56,14,1,0,28,Tech,2,0
224,55,95060,Social Media,14,0.08,8,1,1,10,Healthcare,0,0
225,41,117416,Email,4,16.76,12,0,1,96,Finance,1,1
226,22,77545,Referral,8,1.44,12,0,0,57,Tech,0,0
227,51,138195,Paid Ad,3,5.64,13,0,1,74,Retail,2,1
228,23,59224,Referral,19,6.13,14,1,1,26,Finance,3,1
229,39,122516,Paid Ad,14,4.71,11,0,0,96,Tech,0,1
230,28,117945,Email,17,1.88,1,1,1,20,Education,0,0
231,33,33224,Paid Ad,8,1.58,13,1,0,38,Education,0,1
232,50,60738,Social Media,14,4.55,1,1,1,94,Tech,0,1
233,26,45150,Organic,6,10.05,8,0,1,45,Healthcare,2,1
234,23,83731,Organic,16,14.66,4,1,0,65,Healthcare,4,1
235,33,69688,Email,19,0.56,5,0,0,90,Finance,4,0
236,46,119929,Social Media,14,0.84,8,0,1,35,Education,0,0
237,20,128618,Referral,19,14.48,5,0,1,74,Healthcare,2,0
238,37,93509,Social Media,3,6.67,10,1,0,81,Healthcare,2,1
239,53,28577,Organic,10,10.73,4,1,1,64,Education,0,1
240,36,28070,Organic,19,1.13,12,1,1,62,Retail,1,0
241,43,146161,Social Media,9,4.43,6,0,1,98,Healthcare,0,1
242,20,28666,Social Media,13,6.04,13,1,1,34,Tech,1,1
243,36,77761,Organic,7,5.7,12,1,0,30,Finance,0,0
244,37,141178,Referral,14,2.62,5,1,0,27,Healthcare,1,0
245,49,56368,Email,9,0.08,14,1,0,0,Healthcare,1,0
246,24,26783,Email,19,4.37,7,1,0,24,Retail,0,0
247,58,131530,Social Media,15,1.46,14,0,0,42,Tech,1,0
248,50,61914,Email,14,2.99,10,0,0,83,Finance,3,1
249,57,90507,Organic,6,15.8,7,0,1,66,Healthcare,4,1
250,56,147738,Organic,4,2.55,13,0,0,62,Finance,2,1
251,35,99026,Social Media,8,9.16,4,1,1,50,Education,1,0
252,57,135893,Social Media,17,1.04,12,0,1,1,Healthcare,1,0
253,18,131255,Social Media,9,5.58,13,1,1,81,Healthcare,2,1
254,28,130616,Referral,1,18.86,5,0,0,63,Education,1,1
255,45,87526,Email,14,0.54,13,0,1,73,Retail,2,1
256,42,90835,Social Media,11,0.04,3,0,0,68,Healthcare,0,1
257,40,65765,Paid Ad,3,2.84,4,1,1,8,Finance,3,0
258,48,39956,Paid Ad,9,0.49,14,1,1,1,Tech,3,1
259,47,107895,Organic,14,6.9,4,0,0,33,Finance,4,0
260,59,66240,Email,9,12.3,3,1,1,59,Retail,1,0
261,52,141008,Social Media,4,2.85,13,0,1,60,Tech,4,0
262,24,57148,Paid Ad,4,1.5,10,0,1,30,Finance,0,0
263,33,114270,Email,8,2.85,5,0,1,9,Finance,3,0
264,43,147978,Organic,2,6.43,5,1,0,75,Education,0,0
265,19,24757,Referral,9,0.05,11,0,1,35,Retail,0,0
266,18,39097,Email,14,4.45,7,0,1,84,Education,1,1
267,29,30395,Email,9,4.75,4,0,0,48,Tech,0,0
268,22,36241,Referral,16,5.08,13,1,1,69,Education,3,1
269,54,123892,Email,17,1.39,4,0,1,48,Retail,4,1
270,49,47696,Organic,16,6.26,9,1,1,2,Healthcare,3,1
271,26,135654,Organic,12,0.48,6,0,1,73,Healthcare,1,0
272,58,90480,Referral,3,1.11,4,1,0,4,Tech,3,1
273,52,66163,Social Media,11,10.5,2,0,1,89,Healthcare,2,1
274,36,39816,Paid Ad,14,6.71,6,0,0,60,Education,4,1
275,33,69840,Social Media,18,0.07,2,1,1,84,Tech,2,1
276,20,122547,Email,5,1.43,5,1,1,89,Retail,2,1
277,37,72853,Paid Ad,16,1.21,6,0,1,25,Tech,1,0
278,41,44917,Referral,5,1.58,4,1,0,71,Tech,0,1
279,50,116731,Referral,3,1.42,14,0,1,4,Finance,2,1
280,41,41566,Paid Ad,12,0.32,13,0,1,14,Finance,3,0
281,28,95452,Organic,1,3.07,3,0,0,15,Tech,0,0
282,25,82823,Paid Ad,9,6.6,7,1,0,0,Healthcare,3,0
283,53,141392,Email,9,4.67,2,0,0,15,Finance,3,1
284,55,40806,Organic,4,5.59,13,1,0,36,Retail,0,0
285,57,95520,Referral,3,0.42,11,0,1,2,Education,0,1
286,37,21759,Paid Ad,17,15.13,14,1,1,51,Finance,3,1
287,52,146092,Social Media,2,9.12,6,1,1,46,Tech,1,0
288,42,61949,Social Media,1,8.18,13,0,1,94,Healthcare,4,0
289,52,112374,Email,8,8.66,4,1,0,12,Education,4,1
290,42,22482,Social Media,13,13.49,6,0,1,79,Finance,1,1
291,46,44442,Paid Ad,15,3.93,4,0,1,54,Healthcare,0,0
292,35,53719,Paid Ad,8,1.12,4,0,1,20,Healthcare,3,1
293,63,78066,Social Media,12,4.8,4,0,1,65,Healthcare,4,1
294,35,113501,Paid Ad,12,6.79,9,0,0,53,Tech,3,0
295,19,22079,Email,14,6.7,7,1,1,26,Retail,1,0
296,52,22717,Organic,15,3.68,3,0,1,37,Healthcare,3,0
297,33,79676,Email,15,0.35,3,1,1,89,Education,1,0
298,58,47952,Email,9,2.32,6,1,0,57,Finance,0,0
299,53,106444,Paid Ad,19,12.68,6,0,0,61,Education,1,1
300,50,62460,Organic,8,4.39,4,1,1,45,Tech,1,1
301,21,110397,Paid Ad,19,3.86,9,0,1,88,Tech,4,1
302,50,92847,Referral,6,1.57,4,1,1,10,Education,3,0
303,31,113607,Paid Ad,19,2.3,9,1,0,71,Retail,4,0
304,38,109106,Paid Ad,4,11.29,4,1,1,7,Tech,2,0
305,37,38449,Paid Ad,7,5.49,2,0,1,96,Tech,1,0
306,25,53536,Organic,4,7.74,2,1,1,70,Education,2,0
307,24,84077,Paid Ad,12,3.03,5,0,0,63,Tech,4,0
308,20,58258,Organic,13,4.97,4,1,1,20,Retail,3,1
309,34,68302,Social Media,3,1.43,7,1,1,71,Retail,4,0
310,50,145937,Referral,12,6.11,14,1,0,62,Retail,3,1
311,29,48865,Organic,2,2.79,11,1,0,84,Finance,3,1
312,39,26645,Social Media,2,2.92,5,0,1,63,Retail,0,0
313,39,139771,Organic,9,5.24,6,0,0,19,Retail,1,0
314,63,58000,Organic,1,13.77,10,1,1,7,Finance,4,1
315,47,46737,Referral,8,0.33,4,1,0,57,Healthcare,3,1
316,55,31485,Email,6,8.71,13,0,0,45,Tech,4,0
317,55,58565,Email,6,1.73,12,0,1,30,Retail,4,0
318,62,45522,Organic,18,2.93,2,0,1,92,Tech,3,0
319,25,139614,Paid Ad,17,0.11,13,0,1,8,Education,2,1
320,44,85155,Social Media,12,1.79,10,1,0,14,Tech,1,1
321,44,75168,Paid Ad,6,3.49,9,1,1,93,Finance,1,1
322,51,72487,Paid Ad,8,0.29,10,0,1,25,Tech,0,1
323,38,149948,Organic,19,3.38,7,0,1,9,Tech,0,1
324,47,32342,Organic,10,13.09,4,0,1,28,Tech,0,0
325,50,60806,Organic,1,0.56,3,0,1,79,Healthcare,1,1
326,45,68770,Organic,13,7.23,10,0,0,35,Healthcare,2,1
327,64,98623,Email,17,2.64,14,0,1,83,Education,1,1
328,50,123177,Organic,3,5.32,3,1,1,36,Finance,1,1
329,22,119785,Email,8,1.51,9,1,0,85,Tech,1,0
330,36,95629,Email,14,0.87,5,1,1,70,Tech,1,1
331,21,140993,Organic,3,0.87,13,0,1,22,Tech,2,0
332,52,72603,Referral,16,0.37,3,0,1,40,Tech,0,0
333,34,146944,Social Media,13,1.03,5,0,1,92,Healthcare,4,1
334,61,132726,Paid Ad,17,5.46,2,1,1,79,Education,0,1
335,45,101974,Email,13,10.67,11,0,0,27,Retail,0,0
336,47,125947,Social Media,6,8.41,4,0,0,47,Finance,4,0
337,46,46399,Referral,17,5.78,10,1,0,37,Tech,1,1
338,63,148177,Paid Ad,14,0.59,2,0,1,30,Education,2,0
339,23,105382,Paid Ad,17,1.71,2,1,0,13,Retail,2,1
340,52,101244,Email,8,1.85,12,1,1,96,Education,0,1
341,58,129575,Organic,11,1.44,8,0,1,72,Healthcare,4,0
342,54,135520,Referral,1,3.62,1,1,1,90,Retail,3,1
343,41,130904,Email,7,3.83,14,0,0,87,Education,1,0
344,46,96534,Referral,17,2.21,7,1,0,76,Healthcare,0,0
345,63,75106,Organic,10,2.18,5,0,0,89,Education,2,0
346,48,132599,Organic,11,8.82,11,1,1,28,Education,4,1
347,52,50678,Email,9,7.79,8,0,0,50,Retail,4,1
348,50,96218,Organic,9,1.84,1,1,1,48,Healthcare,0,0
349,38,83230,Social Media,5,12.25,11,1,0,42,Tech,3,0
350,49,134684,Paid Ad,17,15.27,7,1,0,91,Finance,2,1
351,40,94055,Email,9,1.98,5,0,1,91,Retail,0,1
352,50,76373,Referral,17,2.19,4,0,1,71,Healthcare,3,0
353,20,51480,Social Media,19,3.52,7,1,0,86,Education,4,1
354,35,105230,Email,7,14.16,10,0,0,92,Healthcare,1,1
355,42,88836,Organic,9,10.45,2,1,0,4,Finance,2,1
356,59,92258,Organic,7,0.54,12,0,1,41,Finance,2,0
357,48,59986,Organic,13,2.49,1,1,1,6,Tech,3,1
358,20,44160,Organic,11,4.03,1,0,0,41,Tech,0,0
359,57,105595,Referral,14,3.5,11,1,0,35,Finance,4,1
360,63,121358,Social Media,19,1.08,12,1,1,26,Retail,3,0
361,41,99111,Paid Ad,11,9.79,1,1,0,57,Retail,1,0
362,49,84929,Referral,13,5.65,12,1,1,45,Education,1,1
363,64,93506,Referral,14,9.1,5,0,1,65,Tech,1,1
364,39,54911,Paid Ad,13,9.79,10,1,1,24,Education,3,1
365,40,107127,Paid Ad,1,6.9,7,0,1,72,Tech,4,1
366,19,51821,Organic,8,2.89,2,0,1,26,Finance,2,0
367,44,95039,Referral,12,4.72,10,1,1,0,Retail,0,1
368,59,80535,Email,19,0.87,8,0,0,86,Retail,2,0
369,19,133453,Paid Ad,12,5.6,4,0,1,73,Finance,4,1
370,43,104458,Paid Ad,8,0.99,12,0,1,41,Education,2,1
371,34,32175,Social Media,8,5.92,3,1,0,51,Education,3,1
372,57,139235,Email,13,1.3,10,0,1,24,Healthcare,1,0
373,50,74771,Email,12,0.63,11,0,0,53,Tech,4,0
374,26,126660,Paid Ad,16,0.9,8,1,1,66,Education,4,1
375,60,147157,Organic,1,0.01,2,1,0,5,Finance,2,1
376,56,141300,Social Media,13,6.34,11,0,0,57,Education,3,1
377,46,106925,Email,7,6.59,11,1,1,69,Retail,2,1
378,59,133374,Paid Ad,5,3.62,13,0,1,52,Tech,2,0
379,43,86358,Email,8,0.88,3,0,1,65,Healthcare,4,1
380,52,37327,Social Media,14,0.44,12,0,1,57,Tech,2,0
381,42,67057,Social Media,13,0.1,3,1,0,81,Retail,1,1
382,41,26150,Referral,15,0.91,10,0,0,86,Retail,2,0
383,30,24425,Paid Ad,17,11.08,11,1,0,1,Retail,1,0
384,24,143654,Social Media,15,1.38,1,1,1,75,Retail,4,1
385,53,36032,Referral,18,2.19,6,0,0,21,Finance,3,0
386,62,22198,Referral,18,0.56,2,1,1,36,Healthcare,1,1
387,37,80500,Email,2,1.26,1,1,1,19,Retail,3,0
388,18,73394,Email,4,3.66,2,1,0,23,Retail,3,0
389,25,40079,Referral,1,4.68,12,1,1,83,Education,1,1
390,63,56220,Email,4,1.41,6,1,0,64,Healthcare,4,1
391,33,61874,Social Media,18,0.3,14,0,1,64,Tech,0,0
392,31,33859,Organic,5,2.48,4,1,0,80,Healthcare,3,0
393,29,70460,Social Media,19,1.33,6,0,1,0,Healthcare,3,1
394,40,51419,Referral,15,1.24,12,0,0,93,Healthcare,4,0
395,32,138865,Referral,8,16.08,9,0,0,2,Retail,4,0
396,45,28705,Social Media,17,4.79,13,0,1,45,Retail,2,1
397,51,62880,Email,1,4.07,10,0,1,54,Finance,4,0
398,19,149838,Email,12,2.69,12,0,0,74,Tech,3,0
399,49,43236,Referral,19,2.8,10,1,1,87,Education,1,1
400,40,107955,Paid Ad,15,3.89,8,1,1,85,Healthcare,0,1
401,39,105514,Email,9,5.96,1,1,1,63,Tech,2,1
402,42,123145,Social Media,7,6.06,13,0,0,44,Tech,1,0
403,39,35358,Email,2,0.94,8,1,0,25,Finance,0,0
404,39,119713,Social Media,9,3.47,9,1,1,76,Education,0,0
405,59,114914,Referral,10,2.65,6,1,1,64,Healthcare,0,1
406,23,122870,Email,2,10.22,10,0,0,23,Education,1,0
407,32,96918,Social Media,19,4.99,5,1,1,73,Finance,2,1
408,60,139179,Referral,11,3.8,6,0,0,34,Retail,2,0
409,54,136243,Paid Ad,13,0.61,13,1,1,23,Tech,0,0
410,50,34596,Social Media,10,4.65,6,0,1,27,Healthcare,1,1
411,25,53572,Paid Ad,14,0.62,9,0,1,99,Retail,0,1
412,61,98757,Paid Ad,18,2.06,4,0,0,79,Finance,4,1
413,61,21279,Organic,19,0.77,2,1,0,15,Education,2,0
414,22,83197,Email,9,5.89,11,1,0,58,Tech,3,1
415,56,131496,Social Media,7,1.15,11,0,0,80,Healthcare,0,1
416,21,82516,Paid Ad,3,2.49,9,1,1,53,Retail,4,1
417,23,27083,Organic,6,11.3,2,0,1,78,Retail,2,1
418,62,140674,Referral,2,1.14,10,0,0,15,Tech,1,0
419,49,140307,Social Media,6,3.54,9,1,1,14,Education,2,1
420,47,146457,Paid Ad,3,2.72,2,1,1,97,Finance,1,1
421,64,129397,Email,16,0.09,12,1,0,10,Education,1,0
422,52,37771,Organic,8,7.87,8,0,1,64,Education,0,1
423,57,49975,Paid Ad,2,0.36,9,0,1,78,Education,0,1
424,33,65648,Email,17,3.21,12,1,0,89,Tech,2,1
425,30,145641,Paid Ad,9,4.11,10,0,1,67,Tech,4,1
426,59,68285,Social Media,12,4.95,9,1,1,42,Finance,2,0
427,47,39063,Social Media,3,5.83,10,0,1,68,Education,3,1
428,36,87642,Social Media,11,1.46,9,1,0,98,Tech,1,0
429,34,110093,Organic,1,0.05,2,1,0,12,Finance,1,0
430,36,134390,Social Media,13,6.43,4,0,1,9,Finance,0,1
431,45,106143,Email,15,3.84,7,1,1,74,Education,4,1
432,43,57599,Paid Ad,5,9.04,12,1,1,81,Healthcare,0,0
433,54,71920,Referral,17,8.61,2,0,0,97,Education,3,0
434,43,48529,Email,6,9.27,1,1,0,40,Healthcare,2,1
435,40,55954,Email,11,3.32,3,0,0,49,Finance,2,0
436,26,47856,Social Media,18,2.03,12,1,1,86,Tech,4,1
437,29,22573,Organic,4,7.84,4,0,1,70,Retail,0,0
438,18,98344,Paid Ad,3,3.0,8,1,1,58,Finance,0,1
439,18,55367,Organic,13,1.01,6,1,1,38,Tech,3,1
440,64,122337,Paid Ad,9,9.65,11,1,1,2,Finance,2,1
441,51,126732,Paid Ad,6,10.71,2,1,0,75,Education,0,1
442,49,119608,Organic,12,3.14,9,0,1,6,Healthcare,4,0
443,42,80774,Email,2,0.39,14,0,1,48,Finance,2,1
444,57,43752,Paid Ad,3,2.45,2,0,1,25,Tech,3,0
445,62,75029,Organic,3,8.14,13,0,0,32,Education,4,0
446,18,37685,Paid Ad,12,11.6,12,0,1,47,Retail,1,1
447,33,71693,Referral,15,1.14,5,0,0,78,Education,3,0
448,56,136739,Email,9,0.35,12,0,0,1,Healthcare,4,1
449,22,75961,Social Media,8,10.49,4,1,0,70,Education,0,1
450,39,126937,Paid Ad,11,2.47,13,1,0,31,Retail,1,0
451,46,144956,Referral,16,3.9,7,1,0,3,Tech,3,0
452,20,96908,Social Media,4,17.22,8,1,1,19,Finance,0,1
453,29,145537,Social Media,1,0.34,5,0,1,35,Healthcare,1,0
454,43,146678,Paid Ad,7,5.23,10,0,0,31,Retail,2,0
455,33,94532,Organic,2,0.38,14,0,0,27,Healthcare,0,0
456,54,101994,Paid Ad,5,2.35,14,1,0,76,Education,4,1
457,39,76133,Referral,7,8.14,5,0,1,0,Healthcare,3,1
458,46,117425,Social Media,4,2.84,2,1,1,59,Retail,1,0
459,31,145055,Paid Ad,5,29.36,8,0,0,55,Finance,0,0
460,45,81268,Organic,1,4.09,14,0,1,34,Finance,2,1
461,22,112201,Paid Ad,1,1.94,2,0,1,29,Healthcare,3,0
462,64,58243,Email,15,1.24,10,0,0,53,Tech,3,1
463,47,77384,Organic,19,2.16,12,1,0,35,Healthcare,0,0
464,63,51653,Referral,10,2.33,6,1,1,54,Education,2,1
465,22,46657,Social Media,18,0.36,8,0,1,88,Finance,1,0
466,29,59952,Paid Ad,3,2.31,6,1,1,79,Finance,0,1
467,33,42180,Organic,11,3.12,4,0,0,57,Finance,1,0
468,43,117432,Email,15,6.41,13,0,0,82,Tech,3,1
469,43,141829,Organic,11,5.35,4,0,0,64,Tech,1,0
470,38,148377,Email,17,6.17,6,0,1,68,Retail,2,0
471,56,98411,Referral,17,0.04,14,1,1,50,Healthcare,4,0
472,53,21622,Social Media,6,1.23,13,0,0,21,Healthcare,2,0
473,50,68756,Referral,5,5.42,4,0,1,87,Education,1,1
474,47,60809,Paid Ad,8,3.31,8,1,0,52,Finance,0,0
475,54,36725,Organic,2,0.03,9,0,1,99,Tech,3,1
476,40,81396,Email,16,8.16,1,1,0,35,Education,4,1
477,27,71226,Email,12,7.41,13,0,1,67,Education,0,0
478,22,126296,Organic,6,3.98,4,0,1,35,Tech,0,1
479,53,101182,Organic,1,0.34,4,0,0,51,Healthcare,2,0
480,51,102565,Paid Ad,4,7.27,2,0,0,52,Finance,1,0
481,48,49402,Referral,17,4.38,6,0,0,81,Healthcare,2,1
482,27,24263,Email,13,7.62,3,0,0,49,Education,1,0
483,36,143489,Paid Ad,18,6.97,7,1,0,79,Finance,2,1
484,49,116523,Referral,5,8.12,13,0,1,40,Retail,0,1
485,18,66828,Paid Ad,3,3.65,11,1,0,17,Education,3,0
486,22,140824,Email,11,0.76,11,1,0,21,Healthcare,1,0
487,62,67924,Organic,13,5.56,5,0,0,65,Healthcare,4,1
488,21,94182,Organic,4,4.84,4,1,0,20,Healthcare,4,0
489,33,113065,Referral,14,6.78,5,0,0,99,Tech,0,0
490,41,79052,Social Media,11,0.93,8,1,1,43,Education,2,1
491,33,31664,Referral,10,1.08,3,0,0,46,Finance,2,0
492,19,55737,Social Media,19,11.06,14,1,0,38,Healthcare,0,1
493,45,121332,Paid Ad,18,6.93,7,1,0,28,Healthcare,4,1
494,49,109563,Paid Ad,6,11.94,14,0,1,53,Tech,4,0
495,44,49373,Email,15,7.11,6,1,1,89,Finance,2,1
496,37,137369,Social Media,10,4.55,12,0,0,84,Education,1,1
497,41,56397,Email,5,5.31,1,0,0,16,Retail,3,0
498,29,148575,Organic,5,11.0,13,0,1,79,Tech,1,1
499,52,106145,Social Media,10,4.32,7,0,1,59,Education,4,1
500,50,121371,Referral,5,5.0,14,0,1,30,Retail,1,0
501,50,58709,Organic,3,0.85,13,1,0,72,Healthcare,3,1
502,60,136074,Organic,6,3.21,7,1,0,94,Healthcare,1,0
503,54,81120,Referral,4,6.3,14,1,1,77,Finance,1,1
504,29,39250,Organic,18,1.58,12,0,0,48,Retail,1,0
505,20,41172,Social Media,9,1.13,1,1,1,1,Healthcare,1,0
506,18,31555,Email,17,1.88,9,1,1,47,Healthcare,0,0
507,50,107410,Organic,13,1.38,6,1,1,13,Finance,4,1
508,57,98617,Social Media,15,1.21,12,1,0,58,Education,3,0
509,27,73276,Paid Ad,17,2.77,2,1,1,96,Healthcare,4,1
510,60,77492,Social Media,13,11.92,5,0,1,98,Tech,0,1
511,61,73002,Email,16,3.54,13,0,0,57,Tech,0,0
512,46,140103,Social Media,4,1.04,11,1,1,57,Education,0,0
513,30,144938,Referral,5,0.4,4,0,0,50,Retail,0,0
514,29,109599,Email,5,5.96,7,0,1,83,Finance,1,1
515,48,92355,Paid Ad,9,2.41,8,1,0,1,Tech,4,1
516,63,111248,Referral,17,8.63,11,1,1,40,Tech,2,0
517,19,44762,Social Media,13,5.39,14,0,1,82,Education,3,1
518,52,31046,Email,2,7.95,11,1,1,81,Retail,0,0
519,40,116999,Paid Ad,13,1.59,1,0,1,15,Retail,4,0
520,34,144130,Referral,19,5.89,5,0,1,3,Education,0,0
521,43,136021,Paid Ad,3,1.53,3,1,0,11,Tech,0,0
522,25,48769,Social Media,10,13.99,1,0,0,28,Finance,0,1
523,46,73302,Paid Ad,2,5.06,12,0,1,6,Tech,0,0
524,43,43150,Organic,13,1.96,3,0,1,13,Retail,0,0
525,27,88247,Referral,19,1.57,14,1,1,11,Tech,3,0
526,43,24853,Paid Ad,17,1.06,6,1,0,98,Finance,4,1
527,51,114613,Social Media,14,5.93,14,1,0,4,Healthcare,0,1
528,58,140900,Social Media,12,1.23,7,1,1,80,Tech,0,1
529,24,109399,Paid Ad,12,4.52,8,0,0,31,Education,0,0
530,21,41792,Social Media,11,1.54,13,1,1,73,Healthcare,0,1
531,62,79129,Email,7,5.42,11,1,1,42,Education,1,1
532,28,126019,Email,4,8.44,4,1,1,80,Education,1,1
533,46,94478,Email,19,7.53,3,1,0,68,Education,2,1
534,53,133811,Organic,1,7.15,5,0,1,44,Tech,0,0
535,42,134130,Paid Ad,3,1.04,9,0,1,8,Retail,2,0
536,38,87298,Organic,13,0.46,13,0,1,48,Healthcare,3,1
537,53,51987,Social Media,15,6.0,6,1,0,32,Finance,2,1
538,27,35850,Organic,2,2.3,9,1,0,99,Retail,4,1
539,54,32112,Social Media,11,2.83,6,0,0,99,Tech,1,1
540,26,141789,Social Media,4,0.16,2,1,1,17,Education,1,1
541,41,44058,Referral,19,1.5,13,1,0,8,Finance,0,0
542,52,65420,Email,17,0.17,5,0,1,61,Healthcare,0,1
543,52,58890,Social Media,3,10.57,12,0,0,56,Retail,3,1
544,53,86017,Referral,18,1.39,11,1,1,28,Retail,3,1
545,35,67304,Email,8,4.07,9,1,0,77,Finance,4,0
546,56,52921,Social Media,19,0.2,8,1,1,24,Tech,0,0
547,49,125921,Social Media,5,5.5,7,0,0,14,Healthcare,0,0
548,41,21524,Organic,7,1.95,1,0,0,5,Finance,3,0
549,40,120424,Organic,8,11.41,4,0,0,41,Education,3,0
550,49,35048,Email,5,10.95,12,0,1,28,Healthcare,3,1
551,54,55111,Social Media,17,1.97,7,1,0,78,Retail,1,0
552,29,57904,Paid Ad,5,11.56,11,0,0,92,Finance,2,1
553,30,74912,Organic,4,27.81,7,0,0,3,Retail,2,0
554,40,54008,Email,19,8.73,6,1,0,81,Retail,0,0
555,42,20060,Social Media,2,9.32,8,1,1,56,Retail,1,0
556,52,94666,Social Media,11,1.43,11,1,0,48,Tech,3,0
557,58,103559,Paid Ad,13,4.3,13,0,1,43,Retail,0,0
558,47,75337,Email,15,0.35,6,1,1,79,Education,1,0
559,34,130616,Social Media,12,0.5,10,1,1,74,Education,4,1
560,37,33350,Organic,11,34.03,3,0,1,13,Healthcare,1,0
561,42,44354,Paid Ad,7,1.98,4,0,0,2,Retail,0,0
562,39,65186,Email,5,6.9,14,1,1,61,Retail,2,0
563,30,48145,Paid Ad,17,8.22,3,0,1,63,Finance,3,1
564,36,54020,Organic,9,9.76,1,1,1,44,Tech,4,1
565,53,106123,Email,14,30.22,10,1,1,81,Healthcare,1,1
566,29,126667,Paid Ad,12,1.38,5,0,0,57,Retail,0,0
567,58,95186,Referral,6,0.21,1,1,0,19,Finance,0,0
568,36,105469,Organic,17,2.65,1,0,1,57,Tech,3,0
569,29,40581,Organic,19,0.7,2,0,1,88,Healthcare,0,0
570,26,108929,Organic,19,0.11,13,0,1,56,Healthcare,0,0
571,24,43051,Referral,16,2.23,4,1,0,76,Retail,3,1
572,45,71474,Referral,12,7.66,6,0,0,67,Healthcare,4,1
573,31,111748,Social Media,12,4.18,8,0,0,77,Finance,2,1
574,48,145995,Paid Ad,6,1.88,13,1,0,96,Healthcare,2,1
575,36,134618,Social Media,4,5.31,3,1,0,91,Education,1,0
576,64,89626,Paid Ad,6,1.32,1,1,1,51,Finance,4,0
577,33,26960,Referral,11,0.07,3,1,0,36,Tech,1,0
578,22,55772,Referral,1,7.23,12,0,0,7,Tech,2,0
579,52,41520,Social Media,15,4.89,3,0,1,43,Retail,3,1
580,29,69481,Email,11,7.18,5,0,0,97,Retail,0,1
581,42,56408,Social Media,19,0.2,11,1,0,4,Education,2,0
582,38,114006,Paid Ad,18,9.07,12,1,0,68,Tech,4,1
583,53,148496,Social Media,17,4.83,12,0,1,30,Tech,2,1
584,40,77134,Organic,19,4.14,4,1,0,44,Tech,4,0
585,33,40491,Paid Ad,14,4.9,13,1,1,8,Tech,4,1
586,56,21341,Paid Ad,18,9.99,4,0,1,31,Healthcare,4,0
587,62,64623,Email,19,4.42,9,0,0,32,Finance,1,1
588,59,110327,Referral,15,4.35,7,1,0,66,Finance,3,1
589,56,20338,Paid Ad,15,23.38,4,1,0,29,Education,2,1
590,31,91431,Referral,4,7.07,3,1,0,75,Healthcare,3,1
591,48,32254,Social Media,7,2.92,6,0,1,28,Tech,0,0
592,22,71860,Organic,13,6.14,3,0,0,2,Tech,2,0
593,52,31344,Email,3,2.47,6,0,1,89,Retail,3,1
594,40,21750,Referral,16,1.3,11,0,1,56,Retail,3,0
595,46,74756,Paid Ad,9,4.54,13,0,1,29,Education,0,0
596,60,87957,Referral,8,13.17,11,1,1,8,Tech,4,1
597,28,125423,Paid Ad,13,13.24,13,1,1,25,Education,2,1
598,35,78053,Referral,17,2.09,13,1,0,1,Healthcare,2,1
599,64,90855,Paid Ad,17,3.75,12,0,1,61,Finance,0,0
600,29,35896,Social Media,17,1.19,9,0,1,2,Tech,4,0
601,26,75761,Paid Ad,1,27.17,6,0,0,45,Healthcare,2,0
602,27,82552,Paid Ad,8,19.85,12,1,0,67,Tech,2,1
603,61,140075,Organic,19,5.24,4,0,1,24,Retail,2,1
604,34,97454,Paid Ad,6,8.16,5,0,1,50,Education,4,0
605,55,146522,Organic,3,6.28,13,1,0,12,Retail,0,1
606,24,138681,Email,5,4.5,6,0,1,43,Finance,2,1
607,63,110600,Organic,13,0.27,11,1,0,34,Retail,3,1
608,30,142732,Social Media,15,3.03,3,0,0,54,Tech,4,0
609,57,132153,Organic,14,5.62,8,0,1,86,Retail,1,1
610,59,142926,Email,16,5.66,4,1,0,8,Tech,0,0
611,26,47935,Social Media,18,2.34,8,1,1,1,Finance,3,1
612,44,57641,Referral,11,14.21,10,1,1,60,Retail,2,0
613,19,49711,Referral,3,0.92,10,1,1,40,Education,1,1
614,22,90342,Organic,10,3.47,3,1,0,43,Education,0,0
615,46,126896,Organic,10,5.87,10,1,1,63,Education,4,1
616,54,32182,Email,16,5.97,7,0,0,30,Retail,1,0
617,55,107833,Email,12,5.23,11,0,1,46,Retail,1,0
618,36,76276,Paid Ad,2,1.61,13,1,1,1,Retail,3,0
619,25,39541,Email,9,0.85,12,0,0,95,Tech,0,1
620,62,114457,Paid Ad,3,5.05,9,1,1,81,Finance,3,1
621,18,102310,Social Media,15,4.57,4,0,1,76,Education,3,1
622,39,64813,Organic,3,0.99,8,1,0,68,Tech,2,1
623,34,57198,Social Media,19,6.11,3,0,0,57,Education,4,0
624,24,28820,Email,18,3.04,7,0,0,43,Tech,1,0
625,42,44070,Social Media,8,5.51,3,0,1,73,Retail,0,1
626,62,89768,Social Media,17,9.08,12,0,0,55,Education,4,1
627,21,31122,Social Media,8,0.93,7,0,0,42,Retail,4,1
628,53,100559,Email,7,0.1,14,1,1,88,Education,0,1
629,23,93543,Social Media,7,7.55,11,1,0,33,Healthcare,4,1
630,48,103441,Paid Ad,3,4.7,10,1,1,29,Tech,2,1
631,36,61786,Email,1,6.01,10,0,1,70,Healthcare,4,1
632,61,114934,Social Media,4,9.11,11,1,0,69,Tech,2,0
633,56,119804,Email,5,8.12,11,0,1,54,Finance,1,0
634,44,26737,Referral,1,16.21,6,0,0,66,Education,1,0
635,27,56062,Paid Ad,15,3.84,2,0,0,12,Finance,3,1
636,43,74237,Social Media,5,3.35,11,1,0,2,Finance,2,0
637,36,71571,Referral,13,2.57,3,0,0,25,Tech,1,0
638,56,45510,Referral,8,0.83,6,1,1,56,Healthcare,4,0
639,20,39426,Email,8,4.25,14,1,1,23,Retail,0,0
640,62,57265,Referral,5,1.62,4,0,0,52,Tech,0,0
641,30,37850,Paid Ad,9,12.71,6,0,0,69,Retail,2,0
642,45,138249,Paid Ad,1,4.38,1,1,1,42,Finance,3,1
643,37,86150,Organic,4,4.49,10,1,0,59,Retail,4,0
644,45,107312,Paid Ad,3,2.19,12,1,1,57,Healthcare,2,0
645,25,109613,Referral,2,0.27,1,1,0,48,Tech,0,0
646,58,94910,Paid Ad,8,0.16,3,1,1,41,Healthcare,2,0
647,56,72375,Email,9,2.75,8,1,1,75,Healthcare,4,1
648,18,141826,Organic,2,0.44,8,0,1,99,Tech,1,1
649,20,55435,Referral,14,4.67,11,1,0,65,Healthcare,4,1
650,30,116443,Organic,14,10.64,4,1,0,10,Education,1,0
651,45,77132,Referral,4,10.72,6,1,0,97,Education,1,1
652,42,98945,Email,6,5.38,8,1,0,89,Education,1,1
653,50,102050,Organic,11,1.19,7,0,0,17,Retail,2,1
654,55,149828,Social Media,3,9.94,11,0,1,84,Healthcare,0,0
655,23,115402,Referral,8,10.86,7,1,1,99,Tech,2,1
656,61,22983,Social Media,3,1.09,13,1,1,51,Tech,0,0
657,62,117241,Organic,14,6.69,4,1,1,45,Retail,4,0
658,49,40662,Social Media,13,1.69,9,0,1,43,Tech,3,0
659,62,43510,Social Media,13,8.11,12,0,1,21,Education,4,0
660,64,98187,Organic,2,29.46,10,0,1,52,Healthcare,2,0
661,38,60998,Email,13,0.15,6,0,0,58,Tech,2,0
662,33,76846,Social Media,19,11.38,14,0,1,93,Tech,0,0
663,38,114071,Social Media,6,4.87,12,0,0,29,Finance,2,0
664,28,26640,Email,16,18.13,11,1,1,7,Finance,1,0
665,54,64547,Social Media,2,3.13,3,0,1,97,Finance,2,1
666,53,74620,Social Media,8,9.4,5,0,0,56,Healthcare,0,1
667,52,35317,Social Media,17,0.32,5,1,1,72,Education,0,1
668,36,135608,Paid Ad,2,2.04,14,0,0,19,Education,1,0
669,37,27564,Email,10,0.35,5,1,1,24,Education,0,1
670,35,47345,Social Media,16,18.51,8,0,0,18,Healthcare,3,1
671,64,133824,Email,6,8.49,9,1,1,4,Healthcare,4,1
672,58,114223,Referral,2,9.57,13,1,0,74,Finance,2,1
673,31,143372,Referral,2,13.9,9,1,0,78,Tech,3,1
674,32,99273,Social Media,13,0.44,13,1,1,71,Retail,2,1
675,48,94859,Email,15,2.44,6,1,1,82,Retail,3,1
676,18,100765,Email,2,0.37,6,0,0,86,Tech,2,0
677,20,130017,Email,7,1.18,9,0,1,26,Finance,1,0
678,33,94038,Paid Ad,3,1.3,4,1,0,39,Tech,0,0
679,40,143618,Referral,8,3.17,6,1,1,95,Tech,0,1
680,28,72393,Email,14,1.56,4,1,0,25,Retail,1,1
681,29,86081,Email,7,0.53,11,0,1,26,Finance,3,0
682,27,145341,Paid Ad,7,0.92,1,1,0,61,Healthcare,4,1
683,49,122650,Paid Ad,1,0.8,7,1,1,82,Retail,3,1
684,33,49430,Email,17,18.07,14,1,0,49,Healthcare,0,1
685,25,95532,Organic,9,7.12,10,1,0,41,Finance,4,1
686,55,47788,Email,13,17.17,11,0,1,28,Tech,2,1
687,29,115505,Email,19,2.9,12,1,1,38,Education,4,1
688,41,68543,Paid Ad,19,1.63,6,1,0,59,Education,3,0
689,45,33919,Paid Ad,17,8.0,9,0,0,40,Finance,1,0
690,25,89346,Email,10,1.97,7,1,0,32,Education,2,1
691,45,116122,Email,10,1.78,13,1,0,82,Healthcare,3,1
692,53,59974,Email,4,1.32,7,0,1,82,Education,2,1
693,43,127309,Paid Ad,8,0.69,2,0,0,96,Finance,4,1
694,25,36371,Email,18,1.48,12,0,0,15,Finance,0,0
695,45,65084,Email,14,2.2,11,1,0,22,Healthcare,3,1
696,45,49629,Social Media,18,5.6,9,1,1,6,Education,1,0
697,54,71184,Organic,14,0.32,10,0,0,25,Education,4,0
698,58,81916,Referral,15,1.18,9,0,1,95,Tech,3,1
699,53,147293,Organic,4,8.28,6,0,1,11,Retail,1,0
700,44,93972,Social Media,13,0.79,13,1,1,71,Finance,3,0
701,34,82187,Referral,8,2.1,3,1,1,4,Tech,4,0
702,26,32984,Email,18,10.0,1,0,1,91,Finance,3,1
703,50,53039,Social Media,12,0.84,4,1,1,68,Tech,2,1
704,37,105431,Email,14,0.43,14,0,1,48,Retail,4,0
705,30,103691,Paid Ad,2,3.31,14,1,0,25,Tech,3,0
706,45,78606,Social Media,18,1.8,3,1,0,4,Finance,0,0
707,46,30616,Paid Ad,2,4.14,14,1,1,21,Education,3,0
708,30,122665,Social Media,11,8.14,12,1,0,78,Finance,2,1
709,63,125373,Social Media,9,0.74,1,0,0,12,Healthcare,1,0
710,52,70072,Paid Ad,12,4.35,3,1,1,27,Healthcare,1,0
711,23,44574,Referral,17,3.52,14,1,0,32,Healthcare,1,0
712,35,23430,Organic,15,0.78,14,0,1,22,Healthcare,0,1
713,22,139123,Email,17,4.89,4,1,0,96,Retail,2,1
714,64,32676,Social Media,18,1.6,13,0,1,17,Education,4,0
715,42,30816,Email,6,3.35,13,0,1,29,Education,1,0
716,19,52733,Paid Ad,17,0.43,14,1,0,25,Finance,2,0
717,27,105680,Email,18,3.08,8,1,0,15,Tech,3,0
718,47,22050,Paid Ad,8,1.83,9,0,1,76,Finance,0,1
719,62,129996,Email,9,8.64,3,0,1,38,Finance,2,1
720,22,53933,Organic,6,0.29,6,0,1,32,Finance,2,0
721,50,44951,Organic,5,2.71,10,1,0,25,Finance,4,0
722,18,52413,Organic,12,3.07,11,0,0,47,Education,2,0
723,35,54801,Organic,11,6.46,5,0,0,64,Tech,4,1
724,49,75619,Organic,1,4.27,6,0,0,37,Finance,0,0
725,64,52913,Organic,11,5.5,4,1,1,1,Education,0,1
726,28,132573,Paid Ad,19,7.5,10,0,1,5,Finance,3,1
727,38,139076,Social Media,9,9.91,6,1,1,45,Healthcare,4,1
728,43,60600,Email,2,1.88,7,1,1,49,Finance,4,1
729,42,77775,Organic,12,3.86,9,0,0,37,Finance,1,0
730,39,110816,Paid Ad,4,9.17,10,1,1,87,Retail,1,1
731,44,149972,Paid Ad,4,22.76,7,0,1,17,Healthcare,3,0
732,30,110093,Paid Ad,18,11.01,6,1,0,26,Tech,0,1
733,50,132590,Social Media,15,2.32,1,1,0,40,Finance,1,0
734,51,55400,Email,19,1.09,2,0,1,71,Tech,2,1
735,58,24494,Social Media,13,3.36,1,0,0,91,Healthcare,0,0
736,52,100688,Referral,19,6.77,9,0,1,73,Finance,2,1
737,18,142744,Paid Ad,17,3.39,10,1,0,16,Retail,4,1
738,38,109431,Referral,6,3.3,10,1,0,61,Education,0,1
739,23,94691,Organic,16,9.11,9,0,1,28,Retail,3,0
740,45,117419,Organic,12,2.24,7,0,0,57,Retail,4,0
741,34,128730,Social Media,19,9.82,13,1,1,69,Education,4,1
742,22,63001,Email,5,2.61,2,1,0,77,Education,2,0
743,48,87364,Referral,17,1.99,6,1,0,21,Education,4,1
744,22,144988,Email,1,3.03,11,0,0,5,Finance,1,0
745,55,65028,Social Media,10,7.19,4,1,0,25,Tech,0,0
746,20,127434,Organic,15,0.67,1,0,0,38,Tech,1,0
747,40,117659,Email,11,1.09,1,1,1,11,Education,2,1
748,54,57573,Email,13,15.13,12,1,0,98,Retail,2,1
749,54,20806,Organic,5,0.96,5,0,1,13,Healthcare,0,0
750,27,144343,Referral,1,4.19,12,0,0,21,Education,4,0
751,27,76638,Organic,12,4.33,2,0,1,50,Retail,3,0
752,36,148301,Email,11,3.36,4,1,0,22,Retail,2,0
753,34,146295,Referral,17,5.17,1,1,1,47,Finance,0,1
754,38,126506,Referral,4,1.31,4,1,1,70,Finance,3,0
755,31,49757,Organic,15,4.02,11,0,0,49,Tech,4,0
756,26,54636,Email,9,2.33,6,1,0,88,Tech,2,1
757,63,100097,Social Media,19,5.42,10,0,0,12,Healthcare,0,1
758,18,68280,Email,19,0.76,4,0,1,84,Healthcare,0,1
759,62,44262,Paid Ad,12,4.23,1,0,1,9,Healthcare,0,0
760,30,100435,Social Media,5,1.02,7,1,0,54,Healthcare,2,0
761,21,82211,Referral,10,1.63,14,1,0,8,Retail,3,0
762,18,74842,Social Media,17,1.23,2,0,1,78,Retail,0,0
763,57,148583,Referral,5,1.01,9,1,1,51,Tech,4,0
764,49,76979,Referral,16,8.74,13,0,0,1,Finance,0,0
765,51,134524,Social Media,7,1.68,3,0,1,24,Finance,3,0
766,45,101470,Referral,9,13.09,8,1,0,12,Education,2,1
767,48,58197,Referral,3,17.52,13,0,0,97,Retail,0,1
768,25,61844,Paid Ad,15,4.23,8,0,0,50,Healthcare,0,0
769,56,84754,Email,16,0.77,3,1,1,57,Healthcare,4,1
770,43,121868,Email,18,2.35,4,0,1,33,Education,4,0
771,51,54157,Paid Ad,14,7.99,2,0,1,34,Finance,0,0
772,20,97129,Social Media,3,2.29,4,0,1,2,Healthcare,0,0
773,29,60042,Organic,12,0.46,11,0,0,58,Finance,4,0
774,18,81665,Organic,9,4.07,11,0,1,69,Education,3,0
775,61,135512,Organic,7,9.33,11,0,0,47,Finance,1,1
776,22,136953,Paid Ad,9,7.95,14,0,0,63,Finance,1,0
777,47,102856,Paid Ad,13,0.96,9,1,0,18,Finance,0,1
778,47,47376,Referral,18,5.59,2,1,1,66,Healthcare,4,1
779,34,129049,Organic,5,1.25,12,0,0,81,Tech,2,1
780,64,75554,Social Media,13,1.23,12,0,0,72,Retail,2,0
781,40,34199,Social Media,4,10.36,13,1,1,75,Finance,1,1
782,32,138533,Organic,2,1.44,3,1,0,4,Finance,3,1
783,54,101412,Organic,16,1.53,11,1,1,66,Finance,1,1
784,38,70948,Organic,9,0.0,11,1,1,10,Tech,0,1
785,31,93781,Paid Ad,9,10.23,4,1,1,93,Education,3,1
786,19,92750,Paid Ad,6,7.87,5,0,0,67,Healthcare,2,1
787,28,86262,Paid Ad,11,4.94,1,1,1,68,Tech,4,1
788,56,137424,Email,1,6.94,7,1,1,0,Finance,4,0
789,55,66600,Social Media,4,0.82,14,1,1,90,Tech,0,1
790,51,96898,Social Media,13,3.07,10,0,1,91,Tech,1,0
791,55,82483,Referral,13,2.16,7,0,0,62,Tech,0,1
792,51,38297,Paid Ad,13,0.49,9,0,1,28,Education,4,0
793,35,50448,Email,2,3.33,4,0,0,81,Retail,2,1
794,47,46172,Email,9,12.68,14,0,1,11,Healthcare,4,0
795,32,62874,Social Media,8,0.2,14,0,0,76,Education,3,1
796,44,27657,Paid Ad,7,1.72,6,1,1,40,Education,4,0
797,51,104386,Referral,4,1.16,11,0,0,1,Retail,4,0
798,55,145617,Paid Ad,18,1.36,2,0,1,36,Education,3,1
799,50,45425,Organic,3,11.95,12,1,0,44,Tech,1,1
800,41,46685,Paid Ad,6,3.16,12,0,0,79,Tech,4,0
801,32,142000,Organic,12,3.14,14,1,0,47,Finance,0,0
802,47,132855,Organic,12,7.15,4,1,1,23,Education,4,0
803,59,44578,Referral,8,0.84,2,0,0,98,Finance,0,0
804,34,48831,Social Media,1,3.34,10,1,0,21,Healthcare,3,0
805,22,27906,Paid Ad,4,2.81,5,1,0,99,Tech,4,0
806,46,81413,Organic,11,4.54,7,1,0,10,Healthcare,3,1
807,21,74028,Paid Ad,3,38.62,13,1,1,57,Retail,3,0
808,27,27287,Social Media,13,7.34,1,0,0,45,Tech,1,1
809,34,53660,Social Media,17,2.54,10,1,0,28,Healthcare,4,0
810,27,95758,Email,10,8.79,10,0,0,34,Retail,0,0
811,34,80504,Social Media,12,0.94,7,1,1,14,Healthcare,0,0
812,37,79720,Referral,15,0.15,10,1,0,59,Retail,4,0
813,41,122979,Organic,10,1.14,13,1,0,94,Retail,1,0
814,22,54701,Email,14,2.08,6,0,0,41,Tech,1,0
815,51,103300,Referral,13,3.57,6,0,0,42,Finance,1,1
816,23,130177,Paid Ad,5,4.77,12,0,1,79,Retail,0,1
817,19,37674,Organic,6,12.07,8,1,0,73,Retail,3,1
818,30,103560,Social Media,2,3.57,8,1,0,48,Tech,1,0
819,60,131543,Organic,17,3.48,6,1,1,63,Finance,0,1
820,60,43874,Paid Ad,4,0.26,3,1,1,31,Education,0,1
821,28,63642,Email,14,0.18,5,0,1,63,Education,3,1
822,64,143867,Email,10,4.01,2,1,0,1,Finance,4,1
823,40,117820,Email,3,2.88,14,0,1,23,Healthcare,4,0
824,33,85160,Social Media,3,9.14,5,1,0,86,Tech,1,0
825,48,37602,Referral,15,0.88,14,0,1,65,Finance,1,0
826,28,123320,Referral,6,0.13,9,0,0,37,Education,3,0
827,33,108801,Organic,17,2.98,10,1,1,30,Retail,1,0
828,25,45931,Social Media,12,1.36,1,1,0,25,Education,3,1
829,21,114377,Email,11,0.25,10,0,1,28,Retail,0,0
830,57,49192,Email,4,6.45,5,1,0,66,Tech,1,1
831,21,66542,Paid Ad,6,0.59,12,1,0,77,Retail,0,1
832,42,147015,Paid Ad,1,4.69,6,0,0,24,Finance,2,0
833,20,62520,Email,16,1.65,14,0,0,47,Retail,3,0
834,49,84772,Email,15,0.95,11,0,0,64,Healthcare,2,1
835,20,78762,Social Media,17,2.39,7,0,0,52,Finance,1,1
836,44,70106,Referral,8,8.08,9,1,0,66,Tech,0,0
837,46,101121,Paid Ad,12,2.49,6,0,0,89,Finance,1,1
838,49,45559,Referral,10,6.95,5,0,1,17,Healthcare,2,0
839,36,125595,Social Media,15,0.67,12,0,0,8,Tech,1,1
840,38,53742,Email,9,7.41,7,1,0,37,Education,4,0
841,22,89669,Referral,2,1.35,13,0,1,86,Healthcare,2,0
842,35,100199,Email,5,5.66,1,1,0,20,Tech,1,0
843,45,41754,Email,6,4.17,11,0,1,64,Retail,0,0
844,59,23972,Organic,7,13.24,14,0,0,20,Finance,1,0
845,39,90831,Referral,1,2.45,5,1,1,26,Tech,0,0
846,38,132217,Referral,7,0.34,2,0,1,69,Finance,4,1
847,23,61873,Email,12,0.1,4,0,0,43,Retail,1,1
848,18,114661,Social Media,16,8.77,7,1,1,99,Tech,4,1
849,22,126532,Organic,16,3.72,5,0,0,27,Education,2,0
850,58,146267,Email,11,7.46,12,0,0,44,Healthcare,0,0
851,29,29903,Paid Ad,4,1.34,6,0,0,16,Tech,2,0
852,43,23020,Paid Ad,13,2.12,2,0,0,39,Retail,0,0
853,63,61755,Organic,7,0.15,3,1,1,2,Tech,4,0
854,51,105956,Social Media,4,16.28,7,0,0,75,Finance,3,0
855,31,106988,Email,15,5.51,11,1,1,75,Tech,1,1
856,43,65648,Referral,19,13.53,2,0,1,65,Education,4,1
857,62,123537,Organic,9,1.54,12,1,0,45,Tech,0,0
858,44,145991,Social Media,11,4.73,6,0,0,85,Healthcare,0,0
859,26,29516,Referral,8,5.67,5,1,0,86,Tech,0,0
860,43,132863,Paid Ad,1,1.91,10,0,0,29,Finance,0,0
861,64,135005,Paid Ad,8,9.42,1,1,1,68,Tech,1,1
862,39,22396,Referral,13,14.7,12,1,0,8,Education,2,0
863,64,104082,Organic,4,10.81,11,0,1,84,Retail,3,1
864,47,39129,Paid Ad,8,6.72,10,1,0,10,Tech,1,1
865,60,148322,Email,3,1.62,11,0,0,68,Tech,0,0
866,34,21591,Referral,9,1.65,4,0,0,98,Healthcare,1,0
867,43,31303,Referral,2,16.53,11,0,0,90,Education,4,1
868,53,50561,Paid Ad,2,0.05,2,0,1,65,Retail,0,1
869,18,91719,Organic,13,6.29,4,0,1,87,Finance,3,1
870,25,138618,Email,15,6.13,1,1,0,30,Tech,0,0
871,52,112108,Organic,12,4.87,2,0,1,32,Retail,3,0
872,32,148748,Social Media,4,23.08,13,0,1,38,Finance,3,0
873,64,119616,Social Media,8,1.87,8,0,0,93,Education,2,1
874,39,144165,Paid Ad,9,2.08,6,0,0,45,Education,2,0
875,31,106231,Paid Ad,5,0.41,2,0,1,36,Retail,1,0
876,43,27314,Paid Ad,18,2.92,12,0,1,91,Finance,1,1
877,45,137071,Social Media,11,1.51,6,1,1,59,Education,3,1
878,40,39623,Organic,15,2.1,10,1,1,30,Retail,0,0
879,31,87675,Organic,9,9.0,9,0,0,10,Education,4,0
880,41,132992,Paid Ad,17,13.7,7,1,0,86,Education,4,1
881,19,116826,Email,12,1.03,9,0,1,1,Education,0,0
882,62,85082,Organic,7,2.33,5,0,0,26,Healthcare,0,0
883,43,149839,Social Media,10,13.2,7,0,1,98,Finance,2,1
884,31,103624,Referral,10,0.32,11,0,1,1,Retail,4,1
885,24,125228,Referral,13,0.48,14,0,0,20,Retail,3,1
886,20,53130,Referral,19,0.89,7,1,1,57,Finance,1,1
887,64,71756,Email,11,4.52,12,1,1,4,Finance,2,0
888,40,117624,Paid Ad,13,0.82,12,1,0,51,Finance,4,0
889,63,46292,Social Media,8,17.22,3,1,0,44,Finance,0,0
890,60,131785,Email,8,2.96,7,0,1,84,Tech,4,0
891,64,147331,Social Media,4,3.48,1,1,1,92,Retail,3,1
892,62,106206,Social Media,15,1.42,9,0,0,19,Tech,2,0
893,35,89274,Paid Ad,11,3.18,10,1,1,60,Education,0,0
894,55,22469,Referral,11,5.42,13,1,1,37,Education,3,1
895,52,73947,Paid Ad,1,6.96,6,1,0,19,Retail,1,0
896,32,42534,Email,17,7.01,5,1,0,24,Education,2,0
897,42,83620,Email,15,4.31,7,0,0,1,Finance,3,0
898,54,68874,Email,6,11.74,5,1,0,31,Tech,3,1
899,45,69708,Paid Ad,15,8.5,10,1,0,25,Finance,0,0
900,27,94553,Social Media,9,7.07,5,0,0,69,Education,1,0
901,56,88344,Social Media,14,0.29,11,0,1,40,Tech,3,1
902,34,69138,Organic,18,0.03,10,1,1,66,Finance,2,1
903,56,74302,Email,17,1.19,11,0,0,96,Retail,3,1
904,39,67638,Social Media,18,5.45,7,0,0,0,Finance,4,0
905,43,98249,Organic,5,2.65,10,0,1,50,Education,2,0
906,61,125865,Social Media,9,2.57,7,1,1,4,Tech,2,1
907,42,22719,Email,11,10.8,13,0,1,12,Retail,3,1
908,34,42890,Referral,1,11.3,11,1,0,18,Tech,0,1
909,30,97236,Email,18,11.99,3,1,0,11,Retail,2,0
910,37,56509,Paid Ad,6,1.88,3,1,1,47,Tech,4,1
911,42,62534,Social Media,2,5.87,10,1,0,24,Education,0,0
912,21,122302,Social Media,15,1.58,12,0,0,56,Retail,0,0
913,27,112241,Paid Ad,14,1.06,13,1,0,34,Healthcare,0,0
914,20,38787,Paid Ad,5,1.02,3,0,1,75,Tech,2,1
915,58,146209,Referral,6,2.09,6,1,1,93,Tech,0,1
916,62,68845,Social Media,6,2.81,12,0,0,4,Finance,3,0
917,35,77932,Social Media,18,8.89,6,1,0,97,Retail,0,1
918,64,112124,Referral,14,0.64,13,0,0,21,Healthcare,4,1
919,53,111659,Organic,10,6.64,13,1,0,76,Education,1,0
920,64,53062,Referral,14,3.79,3,1,0,56,Finance,4,0
921,39,95713,Email,13,1.7,3,0,1,46,Healthcare,2,1
922,51,107263,Social Media,3,3.39,8,1,0,53,Retail,0,0
923,64,115756,Paid Ad,6,1.78,8,1,0,2,Healthcare,0,1
924,25,80461,Email,8,4.53,7,1,0,52,Tech,3,0
925,57,95418,Social Media,12,2.84,10,0,1,83,Tech,0,1
926,61,86672,Referral,13,0.9,4,1,1,30,Finance,4,1
927,36,148232,Email,11,0.62,4,1,0,68,Retail,2,1
928,59,54832,Social Media,12,3.96,3,0,1,87,Retail,1,1
929,58,147335,Organic,1,11.64,5,0,1,32,Healthcare,0,1
930,54,51966,Organic,17,2.11,3,0,1,71,Finance,1,1
931,23,92545,Paid Ad,16,6.6,13,0,1,87,Retail,0,1
932,43,32987,Social Media,11,5.37,8,0,1,49,Tech,2,1
933,51,57311,Organic,13,13.41,7,1,1,83,Healthcare,4,1
934,62,51575,Referral,18,8.6,13,1,0,15,Education,2,0
935,23,83852,Social Media,11,4.18,3,1,1,75,Tech,1,1
936,54,147650,Referral,12,5.35,9,0,1,76,Finance,0,0
937,50,21007,Referral,6,11.43,12,1,0,38,Retail,1,0
938,39,90981,Organic,9,2.55,14,0,0,88,Tech,4,1
939,38,96242,Social Media,16,1.98,13,0,0,45,Education,2,0
940,23,67517,Email,4,0.05,5,1,0,95,Education,1,1
941,23,130022,Organic,3,8.76,9,0,1,87,Finance,1,0
942,21,49257,Organic,16,8.07,7,0,1,46,Tech,4,0
943,47,107272,Social Media,12,0.55,7,1,1,43,Healthcare,0,0
944,28,62207,Social Media,11,4.3,6,0,1,8,Tech,1,1
945,47,33281,Referral,5,3.12,2,0,0,86,Education,4,0
946,48,81246,Social Media,18,0.63,9,1,1,49,Finance,0,1
947,41,21435,Referral,19,19.7,6,0,1,76,Finance,0,1
948,26,118875,Organic,6,1.21,8,0,0,59,Healthcare,2,0
949,20,120686,Paid Ad,18,0.35,1,1,1,95,Finance,4,1
950,48,111357,Email,6,4.52,5,1,1,14,Finance,0,0
951,57,46660,Organic,4,6.71,12,1,1,35,Finance,2,0
952,54,25084,Social Media,12,0.16,1,1,1,62,Finance,3,1
953,53,102197,Email,19,5.38,10,0,0,68,Finance,4,0
954,41,33507,Paid Ad,2,3.8,11,0,0,85,Education,3,0
955,48,92595,Paid Ad,17,0.54,14,1,0,79,Tech,0,0
956,23,103807,Referral,11,0.95,8,0,0,40,Retail,4,1
957,19,65539,Email,11,4.2,8,0,0,73,Finance,2,1
958,37,135953,Referral,16,1.76,1,1,1,23,Retail,0,1
959,45,27491,Organic,2,13.93,9,1,1,81,Retail,4,1
960,28,147706,Email,2,8.54,2,0,0,48,Education,4,0
961,21,132831,Organic,8,20.54,12,1,0,17,Finance,3,1
962,32,70192,Referral,13,1.5,9,1,0,6,Retail,0,0
963,23,100395,Email,10,17.49,1,1,1,3,Finance,2,0
964,47,143797,Referral,8,2.82,12,0,0,89,Healthcare,2,1
965,55,83888,Email,4,2.13,10,1,1,68,Healthcare,0,0
966,19,93609,Referral,15,0.26,14,0,1,59,Healthcare,0,0
967,32,29077,Paid Ad,1,0.27,14,0,1,54,Retail,1,0
968,28,137440,Referral,11,5.89,9,0,1,15,Healthcare,3,0
969,25,142901,Paid Ad,7,3.06,4,1,0,98,Education,0,1
970,43,40953,Referral,17,1.28,9,1,1,89,Education,0,0
971,62,96919,Email,18,4.76,7,1,1,81,Retail,1,1
972,61,134682,Email,12,1.46,11,1,0,28,Finance,1,0
973,22,141041,Email,9,4.31,6,1,1,22,Tech,4,0
974,23,87889,Social Media,5,2.23,5,0,1,13,Finance,2,0
975,43,43821,Organic,10,8.67,11,0,1,78,Finance,3,1
976,21,57567,Email,4,8.59,9,0,0,48,Finance,4,0
977,36,135374,Paid Ad,5,3.24,2,1,1,32,Finance,0,1
978,37,44860,Email,10,2.16,14,0,1,24,Tech,1,0
979,50,41195,Social Media,11,2.25,13,0,0,20,Healthcare,2,0
980,37,97475,Paid Ad,10,8.19,11,1,0,16,Finance,4,1
981,29,110874,Social Media,8,1.99,14,1,1,22,Education,2,0
982,64,107266,Paid Ad,2,1.17,12,0,1,56,Retail,1,0
983,18,41427,Referral,8,0.44,2,0,0,80,Retail,4,0
984,43,120732,Organic,16,3.14,11,1,1,57,Education,4,0
985,31,47083,Organic,5,3.29,12,1,0,13,Finance,2,0
986,55,107046,Social Media,3,9.19,9,1,1,92,Tech,1,0
987,54,77372,Organic,12,1.25,12,1,0,19,Healthcare,0,0
988,28,143786,Social Media,13,2.4,3,0,1,29,Retail,4,0
989,53,64064,Social Media,13,8.26,8,0,0,18,Healthcare,0,0
990,30,27813,Social Media,10,8.68,11,1,0,52,Tech,1,1
991,60,51598,Organic,4,2.43,9,0,0,55,Retail,4,0
992,20,132718,Social Media,9,3.07,8,0,0,76,Healthcare,4,1
993,50,146879,Organic,2,1.81,4,1,0,81,Tech,0,0
994,23,113106,Social Media,19,13.48,12,0,1,22,Healthcare,3,1
995,27,47082,Email,1,0.63,1,0,1,61,Finance,0,1
996,22,49241,Social Media,7,13.57,4,0,0,32,Tech,0,0
997,40,116214,Paid Ad,17,5.76,14,1,1,17,Healthcare,3,1
998,27,64569,Social Media,3,3.79,9,1,1,72,Finance,1,1
999,61,31745,Referral,3,0.17,2,0,1,32,Finance,1,0
1000,19,46029,Social Media,3,3.23,3,1,1,31,Tech,4,0
